{
  "timestamp": "2025-08-28T20:48:38.670Z",
  "summary": {
    "averageComponentRenderTime": 0.02267423500000001,
    "slowestComponent": {
      "component": "Button",
      "renderTime": 0.035721599999999964
    },
    "fastestComponent": {
      "component": "Container",
      "renderTime": 0.004563289999999824
    },
    "totalComponentsTested": 12,
    "overallPerformanceRating": "excellent"
  },
  "componentPerformance": {
    "Button": {
      "min": 0.007150000000009982,
      "max": 0.5824309999999997,
      "mean": 0.035721599999999964,
      "median": 0.027504999999990787,
      "p95": 0.046241999999992345,
      "p99": 0.5824309999999997,
      "samples": 100
    },
    "Input": {
      "min": 0.014146000000010872,
      "max": 0.3306740000000019,
      "mean": 0.03063727,
      "median": 0.02464700000000164,
      "p95": 0.0889489999999995,
      "p99": 0.3306740000000019,
      "samples": 100
    },
    "Select": {
      "min": 0.020712000000003172,
      "max": 0.19238599999999906,
      "mean": 0.025560159999999853,
      "median": 0.020979000000011183,
      "p95": 0.032441000000005715,
      "p99": 0.19238599999999906,
      "samples": 100
    },
    "Card": {
      "min": 0.013936999999998534,
      "max": 0.19393300000000124,
      "mean": 0.01694870000000023,
      "median": 0.014589999999998327,
      "p95": 0.01776800000000378,
      "p99": 0.19393300000000124,
      "samples": 100
    },
    "Table": {
      "min": 0.0219200000000086,
      "max": 0.16447999999999752,
      "mean": 0.031184959999999647,
      "median": 0.02297699999999736,
      "p95": 0.05052100000000337,
      "p99": 0.16447999999999752,
      "samples": 100
    },
    "Form": {
      "min": 0.017349999999993315,
      "max": 0.08302599999998961,
      "mean": 0.02047376999999969,
      "median": 0.01805699999999888,
      "p95": 0.03136999999999546,
      "p99": 0.08302599999998961,
      "samples": 100
    },
    "Grid": {
      "min": 0.013037999999994554,
      "max": 0.14396999999999593,
      "mean": 0.016034580000000177,
      "median": 0.013441000000000258,
      "p95": 0.02289899999999534,
      "p99": 0.14396999999999593,
      "samples": 100
    },
    "Container": {
      "min": 0.004373999999998546,
      "max": 0.005933999999996331,
      "mean": 0.004563289999999824,
      "median": 0.004531000000000063,
      "p95": 0.004850000000004684,
      "p99": 0.005933999999996331,
      "samples": 100
    },
    "CurrencyInput": {
      "min": 0.012935999999996284,
      "max": 0.046029000000004316,
      "mean": 0.01435345000000069,
      "median": 0.013367999999999824,
      "p95": 0.019915999999994938,
      "p99": 0.046029000000004316,
      "samples": 100
    },
    "NIPValidator": {
      "min": 0.017265999999992232,
      "max": 0.051321000000001504,
      "mean": 0.01867195000000052,
      "median": 0.017739000000005944,
      "p95": 0.022435000000001537,
      "p99": 0.051321000000001504,
      "samples": 100
    },
    "VATRateSelector": {
      "min": 0.012121000000007598,
      "max": 0.14260300000000825,
      "mean": 0.023005409999999244,
      "median": 0.0214069999999964,
      "p95": 0.03752700000001141,
      "p99": 0.14260300000000825,
      "samples": 100
    },
    "DatePicker": {
      "min": 0.02027999999999963,
      "max": 0.17852600000000507,
      "mean": 0.03493568000000025,
      "median": 0.0345310000000012,
      "p95": 0.04475999999999658,
      "p99": 0.17852600000000507,
      "samples": 100
    }
  },
  "coreWebVitals": {
    "lcp": {
      "value": 1728.0622865294504,
      "rating": "good"
    },
    "fid": {
      "value": 50.066435287839155,
      "rating": "good"
    },
    "cls": {
      "value": 0.04389074893236977,
      "rating": "good"
    },
    "fcp": {
      "value": 943.6872959686168,
      "rating": "good"
    },
    "ttfb": {
      "value": 242.67589369893838,
      "rating": "good"
    }
  },
  "memoryUsage": {
    "heapUsed": {
      "min": 5387120,
      "max": 5445128,
      "mean": 5425912.551724138,
      "median": 5432784,
      "p95": 5444296,
      "p99": 5445128,
      "samples": 29
    },
    "rss": {
      "min": 66015232,
      "max": 66015232,
      "mean": 66015232,
      "median": 66015232,
      "p95": 66015232,
      "p99": 66015232,
      "samples": 29
    },
    "samples": 29,
    "trend": "stable"
  },
  "recommendations": [],
  "designSystemImpact": {
    "designSystemComponents": 10,
    "averageRenderTime": 0.02514929500000001,
    "comparisonWithRegular": {
      "designSystem": 0.02514929500000001,
      "regular": 0.010298935,
      "difference": 0.014850360000000009,
      "percentageDifference": 144.1931617201197
    },
    "performanceImpact": "negative"
  }
}